{"program_score": 0.48996621877204655, "valid": 0.6768402154398564, "facts_score": 0.9579793897565199}