val_loss,epoch,step,train_loss
1.1109733581542969,0,999,
,0,999,0.2865680158138275
1.2533818483352661,1,1999,
,1,1999,0.06666328012943268
1.3674352169036865,2,2999,
,2,2999,0.048109520226716995
1.5576283931732178,3,3999,
,3,3999,0.03783303126692772
1.5812395811080933,4,4999,
,4,4999,0.03242478519678116
