{"program_score": 0.5178173760693033, "valid": 0.696588868940754, "facts_score": 0.9522112415157401}