val_loss,epoch,step,train_loss
0.6107742786407471,0,999,
,0,999,0.16794133186340332
0.6856051683425903,1,1999,
,1,1999,0.013802208006381989
0.7649860382080078,2,2999,
,2,2999,0.011155297979712486
0.7864617109298706,3,3999,
,3,3999,0.010677182115614414
0.9548959732055664,4,4999,
,4,4999,0.009983657859265804
